<?xml version="1.0" encoding="UTF-8"?>
<project-private xmlns="http://www.netbeans.org/ns/project-private/1">
    <editor-bookmarks xmlns="http://www.netbeans.org/ns/editor-bookmarks/2" lastBookmarkId="0"/>
    <open-files xmlns="http://www.netbeans.org/ns/projectui-open-files/2">
        <group>
            <file>file:/C:/Users/medel/OneDrive%20-%20Ekodel%20Sp.%20z%20o.o/Studia/Semestr%206/Wzorce%20projektowe%20wytwarzania%20aplikacji%20%20Porzuczek/Pełnomocnika/AutentyfikacjaPełnomocnik/src/autentyfikacjapełnomocnik/Pelnomocnik.java</file>
            <file>file:/C:/Users/medel/OneDrive%20-%20Ekodel%20Sp.%20z%20o.o/Studia/Semestr%206/Wzorce%20projektowe%20wytwarzania%20aplikacji%20%20Porzuczek/Pełnomocnika/AutentyfikacjaPełnomocnik/src/autentyfikacjapełnomocnik/AutentyfikacjaPełnomocnik.java</file>
            <file>file:/C:/Users/medel/OneDrive%20-%20Ekodel%20Sp.%20z%20o.o/Studia/Semestr%206/Wzorce%20projektowe%20wytwarzania%20aplikacji%20%20Porzuczek/Pełnomocnika/AutentyfikacjaPełnomocnik/src/autentyfikacjapełnomocnik/KonkretnyFolder.java</file>
            <file>file:/C:/Users/medel/OneDrive%20-%20Ekodel%20Sp.%20z%20o.o/Studia/Semestr%206/Wzorce%20projektowe%20wytwarzania%20aplikacji%20%20Porzuczek/Pełnomocnika/AutentyfikacjaPełnomocnik/src/autentyfikacjapełnomocnik/Folder.java</file>
        </group>
    </open-files>
</project-private>
