<?xml version="1.0" encoding="UTF-8"?>
<project-private xmlns="http://www.netbeans.org/ns/project-private/1">
    <editor-bookmarks xmlns="http://www.netbeans.org/ns/editor-bookmarks/2" lastBookmarkId="0"/>
    <open-files xmlns="http://www.netbeans.org/ns/projectui-open-files/2">
        <group>
            <file>file:/C:/Users/medel/OneDrive%20-%20Ekodel%20Sp.%20z%20o.o/Studia/Semestr%206/Wzorce%20projektowe%20wytwarzania%20aplikacji%20%20Porzuczek/Singleton/JavaFXApplicationSingleton/src/javafxapplicationsingleton/Program.java</file>
            <file>file:/C:/Users/medel/OneDrive%20-%20Ekodel%20Sp.%20z%20o.o/Studia/Semestr%206/Wzorce%20projektowe%20wytwarzania%20aplikacji%20%20Porzuczek/Singleton/JavaFXApplicationSingleton/src/javafxapplicationsingleton/Uzytkownik.java</file>
        </group>
    </open-files>
</project-private>
